Клуб 1,Клуб 2,Вероятность встречи
Реал Мадрид,Пари Сен-Жермен,0.00
Реал Мадрид,Вольфсбург,0.00
Реал Мадрид,Атлетико Мадрид,0.00
Реал Мадрид,Манчестер Сити,0.00
Реал Мадрид,Барселона,0.00
Реал Мадрид,Бавария,0.00
Реал Мадрид,Челси,0.00
Реал Мадрид,Зенит,0.00
Реал Мадрид,ПСВ,0.14
Реал Мадрид,Бенфика,0.14
Реал Мадрид,Ювентус,0.14
Реал Мадрид,Рома,0.14
Реал Мадрид,Арсенал,0.14
Реал Мадрид,Динамо (Киев),0.14
Реал Мадрид,Гент,0.14
Вольфсбург,Реал Мадрид,0.00
Вольфсбург,ПСВ,0.00
Вольфсбург,Атлетико Мадрид,0.00
Вольфсбург,Манчестер Сити,0.00
Вольфсбург,Барселона,0.00
Вольфсбург,Бавария,0.00
Вольфсбург,Челси,0.00
Вольфсбург,Зенит,0.00
Вольфсбург,Пари Сен-Жермен,0.14
Вольфсбург,Бенфика,0.14
Вольфсбург,Ювентус,0.14
Вольфсбург,Рома,0.14
Вольфсбург,Арсенал,0.14
Вольфсбург,Динамо (Киев),0.14
Вольфсбург,Гент,0.14
Атлетико Мадрид,Реал Мадрид,0.00
Атлетико Мадрид,Вольфсбург,0.00
Атлетико Мадрид,Бенфика,0.00
Атлетико Мадрид,Манчестер Сити,0.00
Атлетико Мадрид,Барселона,0.00
Атлетико Мадрид,Бавария,0.00
Атлетико Мадрид,Челси,0.00
Атлетико Мадрид,Зенит,0.00
Атлетико Мадрид,Пари Сен-Жермен,0.14
Атлетико Мадрид,ПСВ,0.14
Атлетико Мадрид,Ювентус,0.14
Атлетико Мадрид,Рома,0.14
Атлетико Мадрид,Арсенал,0.14
Атлетико Мадрид,Динамо (Киев),0.14
Атлетико Мадрид,Гент,0.14
Манчестер Сити,Реал Мадрид,0.00
Манчестер Сити,Вольфсбург,0.00
Манчестер Сити,Атлетико Мадрид,0.00
Манчестер Сити,Ювентус,0.00
Манчестер Сити,Барселона,0.00
Манчестер Сити,Бавария,0.00
Манчестер Сити,Арсенал,0.00
Манчестер Сити,Челси,0.00
Манчестер Сити,Зенит,0.00
Манчестер Сити,Пари Сен-Жермен,0.17
Манчестер Сити,ПСВ,0.17
Манчестер Сити,Бенфика,0.17
Манчестер Сити,Рома,0.17
Манчестер Сити,Динамо (Киев),0.17
Манчестер Сити,Гент,0.17
Барселона,Реал Мадрид,0.00
Барселона,Вольфсбург,0.00
Барселона,Атлетико Мадрид,0.00
Барселона,Манчестер Сити,0.00
Барселона,Рома,0.00
Барселона,Бавария,0.00
Барселона,Челси,0.00
Барселона,Зенит,0.00
Барселона,Пари Сен-Жермен,0.14
Барселона,ПСВ,0.14
Барселона,Бенфика,0.14
Барселона,Ювентус,0.14
Барселона,Арсенал,0.14
Барселона,Динамо (Киев),0.14
Барселона,Гент,0.14
Бавария,Реал Мадрид,0.00
Бавария,Вольфсбург,0.00
Бавария,Атлетико Мадрид,0.00
Бавария,Манчестер Сити,0.00
Бавария,Барселона,0.00
Бавария,Арсенал,0.00
Бавария,Челси,0.00
Бавария,Зенит,0.00
Бавария,Пари Сен-Жермен,0.14
Бавария,ПСВ,0.14
Бавария,Бенфика,0.14
Бавария,Ювентус,0.14
Бавария,Рома,0.14
Бавария,Динамо (Киев),0.14
Бавария,Гент,0.14
Челси,Реал Мадрид,0.00
Челси,Вольфсбург,0.00
Челси,Атлетико Мадрид,0.00
Челси,Манчестер Сити,0.00
Челси,Барселона,0.00
Челси,Бавария,0.00
Челси,Арсенал,0.00
Челси,Динамо (Киев),0.00
Челси,Зенит,0.00
Челси,Пари Сен-Жермен,0.17
Челси,ПСВ,0.17
Челси,Бенфика,0.17
Челси,Ювентус,0.17
Челси,Рома,0.17
Челси,Гент,0.17
Зенит,Реал Мадрид,0.00
Зенит,Вольфсбург,0.00
Зенит,Атлетико Мадрид,0.00
Зенит,Манчестер Сити,0.00
Зенит,Барселона,0.00
Зенит,Бавария,0.00
Зенит,Челси,0.00
Зенит,Гент,0.00
Зенит,Пари Сен-Жермен,0.14
Зенит,ПСВ,0.14
Зенит,Бенфика,0.14
Зенит,Ювентус,0.14
Зенит,Рома,0.14
Зенит,Арсенал,0.14
Зенит,Динамо (Киев),0.14
